{"cameraMode":{"drawMode":0,"name":"Shaded","section":"Shading Mode"},"sceneLighting":true,"audioPlay":false,"sceneViewState":{"showFog":true,"showMaterialUpdate":false,"showSkybox":true,"showFlares":true,"showImageEffects":true,"showParticleSystems":true},"in2DMode":false,"pivot":{"x":1.5638923645019532,"y":-0.10312318801879883,"z":-2.2264795303344728},"rotation":{"x":-0.045834943652153018,"y":0.8949393033981323,"z":-0.09459578990936279,"w":-0.43362942337989809},"size":23.45465087890625,"orthographic":false}