{"cameraMode":{"drawMode":0,"name":"Shaded","section":"Shading Mode"},"sceneLighting":false,"audioPlay":false,"sceneViewState":{"showFog":true,"showMaterialUpdate":false,"showSkybox":false,"showFlares":true,"showImageEffects":true,"showParticleSystems":true},"in2DMode":false,"pivot":{"x":2.5507867336273195,"y":0.06973922252655029,"z":-0.9337582588195801},"rotation":{"x":-0.017470642924308778,"y":0.9824297428131104,"z":-0.1382552981376648,"w":-0.12414510548114777},"size":4.041658401489258,"orthographic":false}